{
    "fha_case_no": "FHA444444444",
    "loan_number": "LOAN444444444",
    "Serv_No": "SERV444444444",
    "Min_No": "MIN444444444",
    "CFL_No": "CFL444444444",
    "Date": "9/4/2024",
    "City": "Los Angeles",
    "State": "CA",
    "Property_Address": "4 Main St",
    "monthly_payment": "$4,444",
    "My_Commission_Expires": "10/4/2024",
    "Notary_Reg_no": "NOTARY444",
    "Date_of_Notarization": "11/4/2024",
    "Place_of_Notarization": "4 Hudson St",
    "Notary_ID": "NID44"
}