{
    "fha_case_no": "FHA333333333",
    "loan_number": "LOAN333333333",
    "Serv_No": "SERV333333333",
    "Min_No": "MIN333333333",
    "CFL_No": "CFL333333333",
    "Date": "9/3/2024",
    "City": "Chicago",
    "State": "IL",
    "Property_Address": "3 Main St",
    "monthly_payment": "$3,333",
    "My_Commission_Expires": "10/3/2024",
    "Notary_Reg_no": "NOTARY333",
    "Date_of_Notarization": "11/3/2024",
    "Place_of_Notarization": "3 Hudson St",
    "Notary_ID": "NID33"
}