{
    "fha_case_no": "FHA222222222",
    "loan_number": "LOAN222222222",
    "Serv_No": "SERV222222222",
    "Min_No": "MIN222222222",
    "CFL_No": "CFL222222222",
    "Date": "9/2/2024",
    "City": "Chicago",
    "State": "IL",
    "Property_Address": "2 Main St",
    "monthly_payment": "$2,222",
    "My_Commission_Expires": "10/2/2024",
    "Notary_Reg_no": "NOTARY222",
    "Date_of_Notarization": "11/2/2024",
    "Place_of_Notarization": "2 Hudson St",
    "Notary_ID": "NID22"
}