{
    "fha_case_no": "FHA111111111",
    "loan_number": "LOAN111111111",
    "Serv_No": "SERV111111111",
    "Min_No": "MIN111111111",
    "CFL_No": "CFL111111111",
    "Date": "9/1/2024",
    "City": "New York",
    "State": "NY",
    "Property_Address": "1 Main St",
    "monthly_payment": "$1,111",
    "My_Commission_Expires": "10/1/2024",
    "Notary_Reg_no": "NOTARY111",
    "Date_of_Notarization": "11/1/2024",
    "Place_of_Notarization": "1 Hudson St",
    "Notary_ID": "NID11"
}